city,bedrooms,city_center_dist_km,metro_dist_km,daily_price,weekends
London,3,2.174,0.32,2976.55,0
Amsterdam,2,3.154,0.602,870.57,1
London,1,8.187,1.269,554.11,0
London,1,1.493,0.359,494.6,1
London,1,1.363,0.294,422.63,0
London,0,4.497,0.371,407.35,1
London,0,4.668,0.374,446.15,1
London,2,3.293,0.698,640.42,1
Barcelona,2,1.699,0.331,331.88,0
London,0,5.613,0.334,263.18,1
Amsterdam,1,3.744,0.926,473.37,1
London,2,2.627,0.247,500.48,1
Amsterdam,1,0.346,0.42,774.26,1
London,1,3.161,0.479,463.79,1
London,2,3.374,0.07,742.26,0
London,2,5.135,0.35,467.56,1
Amsterdam,0,3.33,0.805,473.13,0
Amsterdam,1,4.2,0.448,426.03,0
London,1,4.954,1.61,438.16,1
London,1,5.391,0.37,365.95,1
London,1,4.69,0.309,422.63,1
London,0,4.607,0.498,381.48,1
Amsterdam,2,3.434,0.29,712.63,0
London,1,7.507,0.684,353.25,1
Amsterdam,2,2.107,0.565,1044.92,1
London,1,4.193,0.278,284.58,1
London,1,3.645,0.806,245.07,1
London,2,5.917,0.102,1640.44,0
London,3,3.734,0.165,933.47,0
Amsterdam,1,5.039,1.73,415.49,0
London,1,5.917,2.036,491.31,0
Barcelona,3,2.647,1.05,509.23,1
Amsterdam,2,4.894,0.831,688.02,1
London,1,14.163,5.033,271.64,0
London,2,7.805,3.775,387.59,0
London,3,7.15,0.284,944.28,0
London,1,5.022,0.152,319.39,0
London,1,6.788,1.978,376.3,0
London,2,4.428,1.015,387.83,0
London,2,6.249,0.28,581.15,0
London,1,1.389,0.234,577.15,1
London,3,8.781,1.003,696.86,1
London,2,5.476,0.511,438.16,1
Amsterdam,1,2.403,1.511,436.34,1
Barcelona,3,0.778,0.104,647.94,1
London,1,6.781,2.01,270.23,1
London,2,6.671,0.521,363.37,0
Amsterdam,2,2.162,1.424,1096.48,1
London,1,9.321,0.297,412.29,0
London,1,4.277,0.415,289.75,1
London,1,0.609,0.282,843.39,0
London,1,6.457,0.228,363.6,1
London,1,1.236,0.099,450.39,0
Barcelona,1,0.711,0.199,400.54,0
London,0,5.919,0.269,196.38,1
London,1,5.383,0.301,439.33,0
London,0,4.304,0.245,277.05,0
London,1,3.882,0.275,354.43,1
London,1,5.034,0.375,465.67,1
London,1,13.34,4.206,180.39,1
London,0,8.311,3.389,321.97,1
London,3,0.269,0.227,15499.89,0
London,1,5.809,0.829,149.11,1
Amsterdam,2,2.144,1.803,618.19,0
Amsterdam,1,1.375,0.886,371.19,1
London,1,4.918,0.426,271.41,1
London,2,7.313,0.371,277.05,1
London,1,4.191,0.591,412.29,1
London,1,3.804,0.466,522.59,1
London,1,4.615,0.494,444.51,0
London,1,3.244,0.329,504.72,0
London,2,6.138,0.259,543.05,1
Barcelona,0,0.999,0.181,340.26,0
London,0,3.974,0.352,340.32,1
London,2,2.296,0.176,702.27,0
London,1,6.125,0.586,322.21,0
London,1,4.73,0.269,385.24,1
London,1,4.309,0.431,289.75,1
London,2,4.319,0.295,790.0,1
Amsterdam,3,2.038,0.155,1892.77,1
London,1,4.954,1.61,533.88,0
Barcelona,1,1.473,0.179,370.28,0
London,2,10.226,2.677,294.69,1
London,1,4.672,0.379,743.67,0
London,2,5.723,0.382,546.11,1
Amsterdam,3,4.193,0.153,940.17,1
London,2,5.181,0.571,425.46,1
London,1,4.847,0.528,270.7,1
London,1,2.696,0.255,596.44,0
London,0,7.776,0.113,289.05,1
Barcelona,1,1.144,0.094,341.42,0
London,1,6.494,0.322,336.32,1
Amsterdam,3,1.412,0.983,669.74,0
London,1,4.733,0.515,232.84,1
London,2,9.932,0.541,257.3,0
Amsterdam,3,3.364,0.697,599.91,1
London,2,7.342,0.571,381.24,1
London,0,3.212,0.502,524.47,1
London,1,5.468,0.602,360.78,1
London,1,1.104,0.29,538.58,1
London,1,0.588,0.27,726.97,0
Barcelona,1,3.217,0.086,295.58,0
Amsterdam,1,2.428,1.747,397.21,1
Amsterdam,1,3.439,0.819,385.49,1
London,1,4.519,0.161,381.48,1
London,2,4.863,0.774,466.85,1
London,2,0.905,0.324,860.32,0
London,1,10.359,5.232,258.94,0
Amsterdam,2,6.843,2.249,565.46,1
London,1,5.507,0.659,763.19,1
Amsterdam,2,3.88,1.013,764.42,0
London,1,5.45,0.627,475.55,1
Amsterdam,1,2.825,0.987,381.04,1
London,1,1.363,0.161,698.51,0
London,2,5.94,0.378,515.53,0
London,1,3.759,0.531,404.76,0
London,1,3.906,0.681,297.51,0
London,2,6.962,3.757,381.01,1
London,1,1.57,0.241,560.69,1
Amsterdam,1,3.608,0.75,368.85,1
London,2,4.357,0.837,496.01,0
London,1,7.545,0.64,322.91,0
London,1,0.346,0.229,773.54,1
Amsterdam,1,2.746,1.179,504.07,1
London,0,5.863,0.299,268.12,0
London,1,3.569,0.531,429.22,1
London,1,14.008,4.868,322.44,1
London,2,3.062,0.091,554.11,0
London,2,4.729,0.483,538.58,1
Amsterdam,2,2.141,0.582,1148.97,1
London,1,4.226,0.178,504.48,1
London,2,0.246,0.091,809.99,1
Amsterdam,2,10.126,0.325,288.71,1
London,2,3.429,0.117,874.43,0
London,2,3.775,0.79,451.33,1
London,2,7.48,0.395,449.68,1
Barcelona,2,1.678,0.298,439.64,0
London,3,4.733,0.401,996.03,1
London,2,1.789,0.309,1019.78,0
London,1,0.861,0.383,471.55,0
Amsterdam,2,2.141,0.582,1148.74,0
Barcelona,2,0.718,0.181,515.05,0
London,2,1.574,0.115,1260.85,1
London,2,3.775,0.79,452.97,0
Amsterdam,3,3.769,1.527,870.11,0
Amsterdam,2,6.805,0.418,583.98,1
London,1,8.191,0.471,324.8,1
London,2,2.526,0.093,722.03,0
Barcelona,3,2.393,0.494,826.22,0
London,1,4.845,1.637,688.4,0
Barcelona,1,1.583,0.458,314.66,1
London,1,5.033,0.356,496.72,1
London,2,5.8,1.005,756.37,1
London,2,3.617,1.556,1083.99,1
Barcelona,3,5.019,0.352,576.26,0
London,1,5.949,0.384,241.77,1
London,4,6.505,0.679,554.34,0
London,1,5.911,0.106,436.98,1
London,3,3.704,0.329,628.9,1
London,2,3.051,0.915,490.37,0
London,1,2.091,0.15,513.42,1
London,2,4.176,0.123,579.98,1
London,0,3.961,0.103,240.36,0
Barcelona,3,1.67,0.697,6086.3,1
London,1,5.917,2.036,491.54,1
London,0,7.715,2.566,309.27,0
London,1,4.906,0.75,333.5,1
London,0,1.928,0.336,245.3,0
London,0,3.874,0.225,329.97,1
Amsterdam,2,3.306,1.298,884.87,0
London,2,2.559,0.364,466.61,0
Amsterdam,1,2.709,1.241,392.05,0
London,1,1.427,0.142,763.66,0
London,1,6.244,1.916,297.28,0
London,1,7.528,0.488,360.78,1
London,2,4.024,0.566,543.29,1
London,2,7.65,0.86,300.1,0
London,0,4.997,1.392,245.07,1
Amsterdam,1,2.379,0.373,614.44,0
Amsterdam,1,1.063,0.93,749.65,1
London,1,3.953,0.486,439.57,1
London,1,3.149,0.55,289.75,0
London,0,3.16,0.218,348.31,0
London,2,3.634,0.234,461.44,1
Barcelona,3,3.564,1.34,312.57,0
Amsterdam,1,1.072,0.949,774.26,1
Barcelona,2,0.745,0.051,856.24,0
London,1,3.492,0.192,414.4,0
London,1,0.824,0.349,898.42,0
London,1,1.167,0.408,725.56,0
London,2,6.149,1.741,460.03,0
London,2,1.071,0.369,1005.43,0
London,1,5.313,0.408,873.96,1
London,2,1.381,0.306,1288.6,0
Amsterdam,1,4.113,0.218,301.13,1
London,2,7.313,2.12,206.73,1
London,1,6.392,0.648,240.6,1
London,0,4.491,0.354,407.58,0
London,1,8.488,3.514,283.4,1
Amsterdam,1,1.063,1.196,498.91,1
London,1,2.254,0.513,448.51,1
Barcelona,3,2.05,0.462,652.59,0
London,1,3.809,0.803,310.92,0
London,2,4.971,0.453,737.08,1
Barcelona,1,0.269,0.217,252.29,0
London,1,14.64,4.656,219.2,1
London,2,3.763,0.804,504.72,0
London,2,8.089,0.909,536.0,1
Amsterdam,2,1.785,0.825,642.56,1
London,2,1.965,0.175,646.53,1
Amsterdam,1,2.446,0.627,737.23,0
London,2,3.932,0.588,451.09,1
Barcelona,1,3.122,0.151,295.11,0
Barcelona,1,3.372,0.097,269.74,0
London,2,1.896,0.517,2190.79,1
London,2,7.239,1.098,487.08,0
London,1,1.08,0.162,599.97,0
London,2,2.104,0.708,975.09,0
Barcelona,1,4.576,0.418,6943.7,0
London,1,6.147,0.318,386.42,1
London,0,3.935,0.365,334.91,0
Barcelona,2,1.644,0.58,792.7,0
Amsterdam,1,2.496,0.976,953.76,1
London,2,7.273,0.957,496.25,0
London,2,0.763,0.228,1098.57,1
London,1,3.803,0.856,410.17,1
London,2,3.71,0.446,930.17,0
London,1,3.913,0.38,489.66,1
Amsterdam,2,3.526,1.148,658.73,0
London,1,3.065,0.456,438.16,1
Amsterdam,0,0.593,0.504,423.92,1
London,2,0.263,0.069,902.66,0
Barcelona,2,3.086,1.285,382.15,0
London,0,3.527,0.184,302.69,1
London,1,6.627,1.414,226.25,0
Amsterdam,3,3.388,2.112,613.03,0
London,2,5.94,0.378,515.53,0
London,1,4.945,0.519,193.56,0
London,2,3.264,0.829,640.18,0
Barcelona,2,2.642,0.146,379.36,0
London,2,1.677,0.479,1073.4,0
London,2,5.017,0.494,401.23,0
London,1,3.279,0.894,615.25,0
Barcelona,2,1.936,0.471,624.9,1
London,2,6.158,0.329,371.13,1
London,2,0.566,0.197,659.71,1
London,4,7.656,2.576,406.88,1
Amsterdam,1,1.681,0.204,442.67,0
Amsterdam,2,0.527,0.224,1450.33,0
London,1,3.977,0.274,501.66,1
London,1,1.838,0.311,544.93,0
London,2,2.866,0.323,794.0,1
London,0,3.06,1.074,463.79,1
London,2,4.32,0.585,937.23,1
London,1,3.195,0.612,534.58,0
London,2,4.345,0.322,741.55,0
Amsterdam,1,1.632,1.76,675.84,1
London,2,14.098,4.961,567.04,1
Amsterdam,1,2.946,0.881,453.45,0
London,3,4.92,0.94,1024.48,1
Amsterdam,2,3.856,0.728,602.25,1
London,1,4.867,1.56,369.25,0
London,3,7.938,0.521,682.99,1
London,1,4.316,0.418,284.58,1
Amsterdam,2,2.332,1.479,651.23,0
London,1,3.388,0.746,296.81,1
London,1,6.71,0.926,420.52,0
London,1,4.522,0.302,423.81,0
London,1,3.84,1.417,283.4,1
London,0,3.538,0.199,368.07,0
Barcelona,3,1.88,0.216,653.76,1
London,1,1.322,0.139,613.14,1
London,0,4.717,0.452,612.2,1
London,1,5.212,0.881,552.46,1
Amsterdam,1,3.47,2.446,399.55,0
London,2,0.633,0.218,1464.76,1
Amsterdam,1,1.852,0.685,393.46,0
London,2,4.94,1.053,865.5,1
London,2,7.497,1.308,375.13,1
London,1,4.153,0.576,388.06,1
London,1,2.009,0.443,492.72,1
Amsterdam,1,3.551,1.394,485.55,0
London,0,4.185,0.434,353.96,0
London,3,4.497,0.156,2979.61,0
Amsterdam,2,1.82,0.214,1488.29,1
Amsterdam,1,3.627,1.699,424.16,1
London,1,4.355,0.356,290.93,1
London,1,7.607,1.806,317.03,0
London,2,5.114,0.366,604.2,1
Barcelona,3,3.476,0.26,780.13,0
Amsterdam,2,6.843,2.249,565.23,0
Amsterdam,0,1.938,1.573,1214.12,1
Amsterdam,0,2.527,1.359,390.88,0
Amsterdam,1,1.263,0.724,540.62,1
London,0,4.185,0.434,353.96,0
London,2,4.751,1.396,704.86,1
Amsterdam,1,4.774,0.282,479.46,0
London,2,9.489,1.617,459.09,1
London,1,5.033,0.356,405.94,0
Barcelona,3,1.695,0.364,416.37,0
London,0,4.13,0.782,452.74,0
London,2,4.228,0.537,791.65,0
London,2,4.596,0.905,465.91,0
Amsterdam,1,3.03,0.911,430.25,1
Amsterdam,1,2.758,1.661,387.13,1
London,2,4.006,0.75,585.15,1
Barcelona,1,1.181,0.377,347.24,0
London,1,4.453,0.739,358.9,0
London,1,6.066,0.451,181.1,1
London,1,4.801,0.567,1032.48,0
London,1,4.424,1.339,456.03,0
Barcelona,1,1.275,0.142,373.78,1
London,2,4.148,0.622,463.79,1
London,2,5.96,0.246,540.46,1
London,2,1.191,0.412,1497.68,0
London,1,3.179,0.115,348.08,1
Amsterdam,1,2.056,0.583,724.35,1
London,1,5.804,0.217,364.54,0
Amsterdam,1,1.762,1.684,1038.36,0
London,3,4.812,0.475,608.2,0
London,0,4.531,0.333,293.75,1
London,3,8.045,0.572,698.51,1
London,2,8.498,0.976,928.76,0
London,0,2.603,0.389,362.19,0
London,2,5.138,1.19,672.17,1
London,1,2.409,0.086,661.35,0
London,3,0.484,0.141,935.11,0
Amsterdam,1,2.032,1.877,702.08,0
Amsterdam,1,3.84,0.754,276.29,0
London,1,7.778,0.431,308.1,1
London,0,5.545,0.973,373.72,1
London,1,7.262,0.319,492.25,0
London,1,4.681,0.562,426.4,0
London,0,5.964,0.291,297.28,1
London,1,4.793,0.244,257.77,1
London,1,6.463,0.409,284.58,0
London,2,7.067,1.419,581.86,0
London,1,3.333,0.616,482.61,0
London,2,1.927,0.284,1241.56,0
London,0,2.706,0.339,329.26,0
London,2,5.213,0.137,666.29,1
London,2,3.683,1.239,432.28,1
Amsterdam,3,2.328,0.718,1413.54,1
London,1,5.918,1.381,344.55,0
London,1,6.273,2.128,433.22,1
London,1,0.311,0.034,650.77,1
Amsterdam,2,5.902,1.941,987.04,1
London,2,7.538,0.184,610.79,1
London,2,7.539,0.535,465.44,0
London,2,3.42,0.071,463.79,0
Amsterdam,1,0.346,0.42,774.26,0
London,1,3.819,0.463,460.5,1
London,2,6.262,0.41,877.25,1
London,1,4.876,1.565,496.25,0
London,2,4.788,0.106,541.17,0
Amsterdam,2,2.364,0.199,596.4,1
London,0,3.968,0.408,359.6,1
London,1,6.876,2.247,522.35,1
London,2,3.571,1.491,1135.73,1
London,2,7.295,1.121,707.21,0
London,2,6.079,2.539,348.79,0
London,1,4.067,0.848,503.77,0
London,1,6.964,0.826,230.72,1
London,2,4.028,0.672,708.86,1
London,1,5.006,1.414,232.84,0
London,2,3.807,0.8,743.67,1
London,2,15.565,5.458,348.08,0
Amsterdam,1,6.979,0.069,368.85,0
London,2,3.319,0.44,431.57,1
Barcelona,0,0.593,0.23,408.45,0
London,0,3.816,0.432,502.6,1
London,1,4.556,0.34,384.06,1
London,2,5.489,0.188,1174.3,1
London,2,3.234,0.3,647.0,1
London,2,2.842,0.457,611.49,0
London,1,4.771,0.087,388.06,1
London,1,9.076,0.386,287.17,0
Amsterdam,1,2.158,0.194,640.45,1
Barcelona,2,0.602,0.274,444.06,0
London,2,5.462,0.378,824.57,0
London,2,4.179,0.322,872.79,0
London,2,5.326,0.528,901.95,0
London,2,4.052,0.641,608.2,1
London,1,6.67,1.538,253.53,0
London,1,5.264,2.039,368.54,0
Amsterdam,1,2.121,1.946,368.85,0
Amsterdam,1,2.533,0.344,435.17,0
London,3,7.782,0.89,810.7,0
Amsterdam,4,1.384,0.292,1259.58,1
Amsterdam,1,0.915,1.014,645.37,1
London,2,2.051,0.448,633.83,1
Amsterdam,1,1.331,0.4,1014.22,1
London,2,5.429,0.164,474.61,1
London,1,5.583,1.946,219.43,1
London,1,1.582,0.449,494.6,1
Barcelona,2,2.022,0.211,416.37,0
Amsterdam,1,3.135,1.955,393.46,1
London,2,7.403,1.795,504.72,1
London,0,3.617,0.27,310.92,0
London,0,4.573,0.456,407.35,1
London,1,5.11,1.105,515.3,1
Amsterdam,2,2.976,1.655,2058.91,1
London,0,3.495,0.317,291.4,1
Barcelona,1,1.445,0.473,391.0,0
London,2,3.196,0.223,836.8,1
Amsterdam,1,3.911,0.933,718.96,0
London,1,7.979,0.933,279.64,0
London,1,3.718,0.302,907.12,1
London,1,4.077,0.498,348.08,1
Amsterdam,1,1.162,1.156,1032.5,0
London,0,2.709,0.244,655.71,0
London,1,3.273,0.179,366.42,0
London,0,2.133,0.348,296.34,1
London,1,3.194,0.604,528.47,1
London,1,5.904,2.599,336.56,1
Amsterdam,0,1.938,1.573,1214.12,0
London,1,2.264,0.586,381.48,1
London,1,2.78,0.396,581.86,1
London,2,5.878,0.476,452.97,0
London,1,1.929,0.26,545.17,1
London,1,3.048,0.453,762.48,1
London,1,4.675,0.419,724.38,1
London,0,4.556,0.415,431.34,0
London,2,3.429,0.117,869.96,1
London,1,8.636,1.049,439.57,0
London,1,3.246,0.26,301.51,1
Barcelona,1,1.618,0.594,601.62,1
London,1,5.106,0.18,347.84,1
London,2,5.556,0.911,595.97,0
London,2,3.026,0.597,947.11,1
Barcelona,0,0.781,0.189,518.3,0
London,1,4.714,0.148,351.84,1
Amsterdam,2,4.52,0.765,614.44,1
London,1,4.513,0.372,439.33,0
London,3,3.583,0.25,573.86,0
London,0,3.528,0.197,322.21,1
Barcelona,1,1.583,0.458,314.66,0
London,0,4.7,0.489,405.94,1
London,0,7.166,0.538,373.72,1
London,1,3.189,0.605,530.12,0
London,3,5.93,1.008,510.36,0
London,0,5.983,0.304,310.45,1
London,0,5.875,0.313,296.57,0
London,1,1.542,0.239,994.38,0
Amsterdam,1,2.078,0.208,467.04,0
London,1,5.899,0.582,492.96,1
London,2,2.716,0.198,1630.09,1
London,1,4.345,0.643,243.19,1
Barcelona,2,2.334,0.277,601.62,0
London,1,0.84,0.279,806.23,0
London,1,6.183,2.562,256.12,1
London,2,7.329,0.532,685.58,1
Amsterdam,1,0.985,0.167,737.23,1
London,1,2.749,0.527,489.66,1
London,2,3.433,0.756,528.0,0
London,0,4.837,1.221,199.68,1
London,2,5.932,1.614,615.49,0
Amsterdam,1,1.669,1.495,368.85,1
Amsterdam,2,3.504,1.723,823.47,0
London,1,3.336,0.308,453.44,0
London,0,4.679,1.412,270.7,1
London,0,4.225,0.87,249.54,1
London,1,2.8,0.257,400.76,0
London,0,4.607,0.498,379.83,0
London,1,5.918,0.669,351.37,0
London,1,5.496,0.449,247.42,1
London,3,5.481,0.544,566.81,1
London,1,6.202,0.29,296.34,0
London,1,5.116,1.799,459.09,1
London,1,4.356,0.48,404.76,1
Amsterdam,1,3.848,1.725,460.71,0
London,0,3.495,0.317,291.87,0
London,2,0.649,0.328,947.11,1
London,0,5.642,0.397,201.56,1
London,1,3.938,0.268,722.03,0
Amsterdam,2,3.719,1.196,1001.8,1
London,1,4.904,0.585,374.89,1
London,2,7.466,0.603,503.54,0
London,1,9.076,0.386,287.17,1
Amsterdam,4,1.143,0.435,1161.16,0
London,0,5.675,0.209,207.91,0
Amsterdam,2,1.389,1.421,663.65,1
London,1,5.081,1.474,445.92,1
London,1,10.571,1.862,371.13,1
London,2,4.543,0.321,889.25,1
London,1,6.055,0.329,242.24,1
Amsterdam,1,3.109,2.031,669.74,0
London,1,6.102,1.022,288.34,0
London,1,5.486,0.399,365.48,0
London,1,3.296,0.38,616.67,0
Amsterdam,0,2.138,0.058,420.41,0
Amsterdam,2,3.586,0.856,921.66,0
London,2,2.216,0.676,495.78,1
Amsterdam,1,4.025,0.341,378.69,1
London,1,6.357,0.844,323.15,1
London,0,5.919,0.269,194.03,0
London,0,3.211,0.488,271.41,0
Barcelona,2,2.127,0.097,937.46,1
London,1,9.38,0.994,360.78,1
London,2,6.046,0.63,663.47,0
Amsterdam,1,1.729,0.496,694.58,1
London,1,5.639,2.086,380.07,1
Amsterdam,1,0.782,0.73,971.11,1
London,1,3.181,0.577,245.54,0
London,2,3.057,0.634,903.6,0
London,2,7.447,2.32,427.81,0
London,1,4.355,0.356,289.99,0
London,0,4.809,0.372,528.47,0
London,0,3.824,0.248,332.56,1
London,0,4.287,0.198,349.96,0
London,1,9.585,1.083,294.93,1
London,1,4.436,0.404,360.78,1
Barcelona,1,2.968,0.243,560.2,0
Amsterdam,2,2.985,0.985,675.84,1
Amsterdam,1,3.737,0.896,576.48,1
London,3,9.254,2.05,425.22,0
Barcelona,2,2.319,0.545,532.04,1
Amsterdam,3,1.248,0.94,1473.77,1
London,1,8.828,2.152,285.75,1
London,1,4.887,0.273,769.3,0
London,1,5.512,0.295,828.1,0
Amsterdam,2,1.379,0.364,1229.11,1
London,0,2.219,0.365,397.0,1
London,3,4.068,0.239,489.66,0
London,1,3.551,0.208,258.94,0
London,2,6.733,2.022,386.65,0
London,1,6.779,0.172,172.86,1
London,0,9.046,1.608,167.92,0
Amsterdam,2,2.021,0.674,718.96,0
London,1,0.308,0.151,641.36,1
London,1,9.164,1.081,350.67,1
London,1,7.889,1.957,206.73,1
Amsterdam,1,1.305,1.23,589.83,1
London,1,2.958,0.134,499.31,0
London,0,3.935,0.365,335.14,0
London,1,6.113,0.602,910.65,1
Barcelona,3,2.51,0.732,529.94,0
London,1,3.718,0.302,847.15,0
London,2,0.91,0.255,1059.76,1
London,1,6.781,2.01,269.29,0
Barcelona,1,1.112,0.373,416.6,0
Amsterdam,3,3.61,2.013,768.17,0
Amsterdam,1,1.476,1.44,552.81,0
Barcelona,2,1.927,0.335,422.42,0
London,1,6.585,0.346,462.38,1
Barcelona,3,2.381,0.779,596.04,0
London,1,6.71,0.926,420.52,1
London,2,4.768,0.338,821.04,1
London,0,5.113,0.85,276.82,1
London,1,7.2,0.618,418.87,1
Barcelona,1,1.112,0.63,474.32,0
Amsterdam,1,2.583,0.613,602.02,1
London,2,6.889,1.782,457.44,1
London,1,5.796,0.058,579.51,1
London,1,5.931,0.903,278.46,1
London,2,3.419,0.367,722.03,0
London,2,4.934,0.656,474.14,0
Barcelona,1,1.281,0.73,485.95,0
London,1,4.93,0.547,491.07,0
London,0,3.935,0.365,345.26,0
London,1,5.31,0.247,264.12,1
London,1,4.531,0.106,479.32,0
London,2,2.938,0.643,612.9,1
London,0,3.06,1.074,466.38,0
London,2,4.536,0.321,531.06,1
London,0,4.717,0.452,560.46,0
Amsterdam,3,0.433,0.228,1804.19,0
London,0,3.213,0.514,270.7,1
London,2,5.178,1.933,438.16,1
London,3,7.531,3.047,386.65,0
Amsterdam,2,1.089,0.607,1019.85,0
London,1,3.188,0.575,528.47,1
London,1,5.88,0.609,317.27,0
Amsterdam,2,0.327,0.504,1057.11,1
London,3,7.15,0.284,944.52,1
London,1,4.104,0.786,521.88,0
London,1,3.496,0.181,335.14,1
Barcelona,1,1.001,0.527,671.21,1
London,1,1.138,0.254,426.87,1
London,2,3.236,0.162,549.64,0
London,1,0.281,0.183,1158.54,1
London,2,4.292,0.053,452.74,1
London,1,5.161,0.801,303.86,1
London,1,7.512,0.724,335.14,1
London,1,0.156,0.2,638.77,0
Amsterdam,1,3.673,0.695,602.02,0
London,3,2.407,0.707,1188.41,0
Amsterdam,1,2.273,2.002,310.74,0
London,0,0.669,0.25,600.67,0
London,1,6.847,1.502,313.04,0
Barcelona,1,3.103,0.218,485.95,1
London,2,8.288,3.408,408.29,0
London,0,5.787,0.407,439.8,1
London,1,4.461,0.91,373.24,0
London,0,7.786,0.168,267.88,0
London,1,7.914,0.777,407.11,0
Barcelona,1,1.181,0.377,347.24,1
London,1,2.365,0.383,474.61,1
Amsterdam,2,2.523,0.511,663.65,1
London,1,5.35,0.337,323.38,1
Amsterdam,3,1.503,0.212,1179.9,1
London,1,3.285,0.151,508.48,0
London,1,1.612,0.48,470.14,0
London,1,0.84,0.279,957.69,1
London,2,3.78,0.886,585.15,1
London,1,3.974,0.157,639.24,1
Amsterdam,1,3.66,0.57,306.05,0
London,3,4.589,0.257,712.39,0
London,3,3.409,0.178,1133.85,1
London,1,6.853,3.24,338.91,0
London,0,3.807,0.507,233.31,0
London,3,3.569,0.215,1363.16,0
London,1,3.716,0.599,556.46,1
Amsterdam,1,3.571,2.62,310.97,1
London,2,8.288,3.408,413.7,1
London,1,10.31,5.39,231.9,0
Amsterdam,1,0.864,0.324,1049.61,1
London,3,4.643,0.425,2327.67,0
London,1,2.814,0.409,349.02,1
London,1,7.6,3.113,302.69,0
London,1,5.507,0.659,503.3,0
London,1,3.838,0.167,532.7,1
London,1,1.557,0.591,614.31,0
Amsterdam,2,7.726,3.805,361.12,0
London,1,5.893,0.579,492.96,1
London,1,5.142,0.218,444.74,0
London,2,9.253,0.733,336.32,1
Amsterdam,1,2.835,0.492,626.39,0
London,1,1.199,0.417,724.38,0
London,1,3.551,0.208,258.71,1
London,1,3.16,0.793,436.51,0
London,1,2.169,0.144,530.12,1
London,0,0.669,0.25,633.6,1
London,1,6.598,1.406,185.33,1
London,3,5.106,0.232,670.05,1
London,1,4.783,0.89,297.98,0
London,0,5.851,0.447,296.57,0
London,1,4.259,0.889,560.46,1
Barcelona,1,1.793,0.73,607.68,0
London,1,4.13,0.137,360.78,1
London,3,3.289,0.359,658.29,0
Amsterdam,1,5.108,1.299,385.96,1
London,1,4.182,0.342,898.42,1
London,1,7.6,0.519,387.59,0
London,0,2.095,0.14,271.64,0
London,1,3.225,0.299,335.14,1
Amsterdam,1,1.884,0.326,1210.37,1
London,0,9.225,4.344,290.69,0
London,1,4.579,0.344,489.66,1
London,1,5.497,0.436,866.91,1
London,2,0.421,0.13,1348.1,1
London,0,4.809,0.372,530.59,1
London,2,0.633,0.218,1543.78,1
London,1,3.515,0.232,401.7,0
London,1,2.891,0.368,509.42,1
Barcelona,1,4.508,0.405,6942.77,1
Amsterdam,1,2.283,0.665,921.66,0
Barcelona,2,2.51,0.543,547.16,0
London,1,2.865,0.409,283.64,0
London,1,3.211,0.74,594.79,1
London,1,1.417,0.392,620.66,1
London,2,6.25,0.725,432.28,0
London,1,3.043,0.54,524.24,0
Amsterdam,0,3.294,0.67,571.56,1
Amsterdam,1,2.733,0.812,332.06,1
Amsterdam,2,0.439,0.652,1106.32,1
Barcelona,3,1.624,0.429,765.01,0
London,2,1.981,0.425,522.59,0
London,1,4.307,0.148,293.99,0
London,2,13.638,4.496,530.59,0
London,2,1.733,0.314,1530.85,1
Barcelona,2,1.359,0.615,738.24,0
London,0,14.096,4.952,234.72,1
Barcelona,1,1.663,0.445,298.6,0
London,0,4.491,0.354,405.7,1
London,0,2.816,0.338,358.43,1
London,1,3.562,0.81,487.08,0
London,1,5.512,0.295,824.57,1
London,1,1.77,0.27,494.84,0
London,2,0.884,0.318,1054.59,1
London,1,4.961,0.637,863.38,1
London,2,6.973,0.635,792.35,0
London,2,2.134,0.039,698.51,1
London,1,3.038,0.619,386.42,1
London,1,5.378,0.101,384.3,1
London,1,3.896,0.396,471.79,0
London,1,7.618,1.52,265.76,1
Amsterdam,2,0.803,0.884,671.15,1
London,0,4.356,0.363,402.17,1
London,1,1.926,0.153,605.85,0
Amsterdam,1,2.895,1.769,307.22,0
London,2,3.166,0.137,630.31,0
London,1,3.549,0.223,309.27,1
London,2,4.237,0.214,698.04,0
London,1,4.895,0.232,291.16,0
London,1,3.749,1.348,297.51,0
London,1,13.967,4.846,239.19,0
Amsterdam,3,1.406,0.67,1179.9,1
London,2,6.007,0.236,408.52,0
London,1,5.999,2.178,362.66,0
Amsterdam,1,4.047,1.211,307.22,1
London,1,4.484,0.312,404.76,1
London,2,3.122,0.218,798.0,0
Barcelona,1,2.438,0.171,486.19,0
Barcelona,1,0.996,0.303,469.9,0
London,0,7.647,0.639,291.4,1
London,1,3.743,0.337,426.63,0
London,0,5.61,0.071,362.43,0
London,1,8.175,0.736,289.99,1
London,0,7.413,0.507,289.99,1
London,1,4.658,0.191,322.21,1
Amsterdam,1,0.539,0.248,489.3,0
London,2,4.788,0.106,543.29,1
Amsterdam,2,4.934,1.014,700.44,1
London,0,4.185,0.434,378.89,1
London,2,4.052,0.928,624.9,1
London,1,4.658,0.191,321.97,0
Amsterdam,1,2.87,0.67,718.96,0
Amsterdam,1,3.61,1.007,378.69,1
London,1,2.573,0.408,587.27,1
London,1,2.91,0.38,346.67,0
London,2,8.701,0.74,426.63,1
London,1,6.494,0.322,334.91,0
Amsterdam,1,4.029,0.977,384.79,0
London,3,5.618,0.822,1042.36,1
London,2,8.075,0.848,886.66,1
Amsterdam,1,1.306,1.283,501.49,0
Amsterdam,2,3.695,0.398,716.38,0
London,1,6.848,1.851,338.67,1
London,1,4.461,0.91,372.3,1
London,1,6.87,0.247,349.02,1
Barcelona,2,1.213,0.813,830.87,1
London,2,3.6,1.141,431.81,1
London,2,5.138,1.19,672.64,0
Amsterdam,1,3.611,0.841,405.88,1
London,1,5.486,0.399,365.95,1
London,1,4.575,0.346,253.53,1
Amsterdam,1,3.403,0.708,319.64,0
Amsterdam,1,2.804,1.706,403.07,1
London,2,3.925,0.924,1712.65,0
London,3,4.727,0.569,1237.09,1
London,1,5.381,0.22,452.5,1
London,1,0.281,0.183,1011.55,0
London,2,4.863,0.774,439.57,0
Amsterdam,1,2.081,0.443,385.49,0
London,1,0.505,0.072,1158.54,1
London,0,4.709,0.336,381.48,1
London,0,4.185,0.435,353.25,1
London,1,4.303,0.132,394.65,0
Barcelona,1,1.078,0.155,613.26,0
Amsterdam,1,2.67,0.624,771.92,1
Amsterdam,3,3.732,0.465,442.67,0
London,2,6.174,0.701,663.47,0
London,1,3.992,0.407,335.14,1
Barcelona,1,3.9,0.929,588.13,0
Amsterdam,2,2.219,0.153,780.59,0
Amsterdam,1,2.746,1.179,504.07,0
Amsterdam,1,1.01,0.917,909.47,0
Amsterdam,2,1.738,0.378,1044.69,0
Amsterdam,2,1.735,1.643,796.52,1
London,2,6.48,0.428,516.71,0
London,1,1.547,0.473,620.19,0
Amsterdam,2,3.526,1.148,658.73,1
London,1,7.096,1.238,403.11,0
Amsterdam,1,1.765,1.715,346.59,0
London,1,4.847,0.528,271.41,0
London,2,7.565,0.129,462.38,0
Amsterdam,2,2.16,0.946,479.46,1
Amsterdam,1,2.946,0.881,480.63,1
Barcelona,1,3.177,0.862,236.23,0
London,2,5.94,0.378,515.53,0
Barcelona,2,1.883,0.416,665.39,1
London,1,3.927,0.313,310.68,1
Amsterdam,1,3.513,0.889,386.9,0
London,1,5.336,0.229,288.58,1
London,1,4.292,0.199,716.39,1
London,1,6.038,1.392,301.28,1
London,2,6.256,0.212,465.2,0
London,1,6.855,2.436,271.41,1
London,1,8.333,3.117,412.99,1
London,2,4.003,0.436,1082.34,1
Amsterdam,1,2.333,0.388,368.62,1
Amsterdam,1,1.165,0.226,1714.67,1
London,1,4.456,0.327,445.92,0
London,2,4.06,0.745,586.33,1
London,1,2.467,0.656,452.97,0
London,1,3.74,0.233,489.19,0
London,2,4.052,0.641,575.51,0
London,1,4.862,0.727,305.75,0
London,1,4.002,0.189,685.81,0
London,0,3.792,0.389,335.14,1
Amsterdam,1,3.091,0.521,430.25,1
London,2,8.277,1.759,303.86,0
Barcelona,0,1.708,0.409,335.37,0
London,2,9.867,0.768,362.19,1
Amsterdam,3,4.0,2.886,1167.48,1
London,0,2.133,0.348,297.04,0
London,1,8.174,1.336,666.06,1
Amsterdam,2,2.041,0.15,935.25,1
London,2,4.253,0.205,886.19,0
London,1,9.29,0.22,722.74,1
Barcelona,1,2.44,0.338,388.9,0
London,2,1.541,0.441,1643.03,1
London,2,7.158,2.074,492.96,1
London,2,2.709,0.408,573.63,0
London,1,3.979,0.581,333.73,0
London,2,2.059,0.479,658.06,1
London,2,2.022,0.532,2211.48,0
London,1,16.698,5.92,103.01,1
London,2,2.663,0.727,378.89,0
London,1,15.008,4.184,358.43,1
London,2,3.435,0.067,693.1,0
London,1,1.55,0.328,659.71,1
London,1,2.924,0.448,349.02,1
London,1,3.739,1.679,470.38,0
London,1,3.972,0.182,346.43,0
London,2,4.558,0.212,535.53,1
London,2,9.969,0.576,439.8,1
London,2,5.77,0.281,425.46,1
Amsterdam,2,1.859,0.624,1301.29,0
London,2,3.295,0.65,838.45,0
Amsterdam,2,4.153,0.657,700.44,1
Barcelona,2,3.701,1.329,400.54,0
London,1,7.462,1.881,360.78,1
London,1,3.922,0.549,412.52,0
Barcelona,2,1.062,0.381,958.18,1
London,2,3.683,1.239,446.62,0
London,3,1.189,0.428,2177.61,1
Barcelona,2,1.355,0.465,677.03,0
London,1,1.688,0.529,463.79,1
London,0,6.0,0.316,270.7,0
Amsterdam,1,1.379,1.396,669.74,1
London,2,4.969,0.385,469.44,0
Amsterdam,1,1.733,0.35,782.7,1
London,1,4.701,1.08,178.98,0
London,1,5.584,0.171,270.7,1
London,1,5.428,0.112,375.13,1
London,2,0.84,0.28,992.97,0
London,3,7.269,2.199,477.43,1
London,1,3.071,0.558,315.62,1
London,1,3.708,0.823,309.27,1
Amsterdam,2,2.819,1.321,657.56,1
London,1,1.483,0.092,567.04,1
London,1,8.379,0.915,359.37,0
London,0,2.811,0.568,468.26,0
London,1,6.083,0.261,445.92,0
Barcelona,2,2.489,0.138,1252.36,0
Amsterdam,3,2.195,0.318,1066.48,0
London,0,7.413,0.507,263.88,0
London,1,4.614,1.244,273.29,0
Barcelona,2,3.407,0.289,399.14,1
London,2,7.905,1.022,506.36,0
Barcelona,2,0.778,0.476,593.48,0
London,1,1.985,0.092,373.72,1
London,0,6.924,0.166,213.55,0
Barcelona,0,1.138,0.554,474.32,0
London,2,4.522,0.392,1371.39,1
Barcelona,1,0.638,0.35,395.89,1
London,1,0.373,0.149,773.54,1
London,0,3.212,0.209,310.68,1
London,1,2.409,0.086,558.1,1
Amsterdam,1,2.208,1.798,553.04,1
London,1,4.992,0.235,552.46,0
London,2,14.921,4.469,341.49,0
London,1,6.298,0.069,310.45,1
London,2,1.308,0.341,913.71,0
London,1,3.057,0.582,245.77,1
London,1,3.151,0.576,528.47,1
Amsterdam,2,0.75,0.809,1557.43,1
London,1,3.3,0.29,258.94,1
Amsterdam,0,2.835,1.36,589.83,1
Amsterdam,0,3.3,0.657,410.56,1
London,2,3.92,0.581,451.09,1
London,2,3.158,0.268,489.66,1
Amsterdam,2,2.619,0.431,909.47,1
Barcelona,1,1.174,0.599,474.32,0
London,0,4.028,0.739,458.85,1
London,3,0.922,0.304,989.68,1
London,2,3.416,0.212,652.88,0
London,0,3.823,0.37,548.93,1
London,1,4.197,0.308,387.83,0
London,2,3.267,0.866,613.14,1
London,2,1.185,0.441,1461.46,0
London,1,5.517,0.152,470.14,0
Amsterdam,1,1.669,1.495,368.62,0
London,1,4.796,0.751,419.81,0
Barcelona,2,1.286,0.732,474.32,0
Amsterdam,2,2.79,0.573,534.76,0
Amsterdam,1,3.47,2.446,399.55,1
London,1,7.486,0.978,297.28,0
London,2,1.444,0.218,698.28,1
Amsterdam,1,1.379,0.386,811.05,0
London,0,4.004,0.454,232.84,1
London,2,2.174,0.306,568.92,1
Amsterdam,0,5.213,3.833,344.48,1
London,1,5.368,0.262,340.08,1
Amsterdam,1,1.835,1.898,403.07,0
London,1,3.314,0.145,656.65,0
Amsterdam,1,1.436,0.235,1164.91,1
London,0,5.922,0.244,294.93,1
London,1,2.308,0.448,369.01,0
London,1,4.725,0.243,479.32,1
London,1,6.658,0.317,278.46,0
London,1,7.118,0.282,450.39,1
London,2,4.025,1.001,473.44,1
London,2,9.932,0.541,256.36,1
London,3,6.883,1.433,573.16,0
Barcelona,3,1.88,0.216,362.14,0
London,2,4.47,0.359,684.64,0
London,2,3.335,0.12,724.38,1
London,0,3.293,0.595,471.55,0
London,2,3.609,0.228,725.32,0
Amsterdam,3,3.816,0.717,798.87,0
Amsterdam,0,2.138,0.058,420.41,1
London,1,0.233,0.257,463.32,1
Amsterdam,2,6.329,4.412,552.81,0
Barcelona,1,0.711,0.199,444.29,1
Barcelona,2,0.967,0.224,810.16,0
London,0,4.389,0.28,393.0,1
London,2,1.153,0.421,1401.96,1
Amsterdam,0,2.183,0.972,765.82,1
London,1,3.749,0.214,550.34,1
London,0,3.125,0.247,362.19,0
London,2,4.173,0.34,898.42,1
London,2,5.002,0.231,501.89,1
London,0,14.096,4.952,232.84,0
London,2,8.22,3.871,592.68,0
Barcelona,1,2.782,0.353,327.46,0
London,2,4.67,0.377,1138.08,0
London,2,1.927,0.284,1164.42,1
London,0,3.95,0.486,362.66,0
London,3,6.883,1.433,569.16,1
London,1,4.443,0.211,305.51,1
London,2,2.232,0.378,1147.02,1
London,2,2.784,0.31,788.82,1
London,0,9.225,4.344,291.4,1
Amsterdam,1,0.333,0.293,459.54,1
London,0,3.44,0.144,322.21,1
Amsterdam,2,2.495,1.374,264.1,0
London,3,6.031,0.5,979.09,0
London,1,3.186,0.531,309.04,0
London,1,1.345,0.234,541.17,1
London,1,2.234,0.384,323.38,0
London,0,3.837,0.391,551.28,0
Amsterdam,1,2.19,0.318,362.52,0
Amsterdam,2,1.943,1.493,1075.39,0
London,1,1.942,0.23,548.23,1
London,1,3.252,0.723,233.07,1
Amsterdam,1,2.376,1.436,2486.58,1
Amsterdam,1,5.244,0.474,491.88,1
London,2,4.174,0.513,336.56,0
Amsterdam,1,1.811,0.52,774.26,0
London,1,0.156,0.2,613.37,1
Amsterdam,3,2.097,1.558,526.09,0
London,1,3.164,0.535,476.96,1
Barcelona,0,1.144,0.702,532.04,1
London,2,5.533,1.756,583.03,0
London,2,2.081,0.726,858.91,0
London,1,0.333,0.144,677.81,0
London,1,3.109,0.317,426.63,1
Amsterdam,2,1.611,1.152,860.26,1
London,0,2.266,0.191,288.58,1
London,2,3.698,0.797,502.6,0
Amsterdam,2,2.943,1.482,409.39,0
London,0,4.817,0.24,567.51,1
London,2,5.94,0.378,515.53,0
London,2,4.245,0.279,714.97,1
Amsterdam,1,2.754,1.704,550.47,1
London,1,1.208,0.18,456.27,0
London,1,3.938,0.407,259.88,1
Barcelona,3,2.219,0.466,928.15,0
London,1,7.34,2.306,265.06,1
London,1,1.913,0.376,578.56,1
London,2,4.405,0.292,492.25,0
Amsterdam,0,4.147,0.038,310.97,0
Amsterdam,2,1.353,1.466,1049.38,0
London,1,4.556,0.34,386.18,0
London,1,4.352,0.138,434.39,1
London,1,11.036,4.647,238.01,0
London,1,6.1,0.601,244.83,0
London,1,3.554,0.771,412.29,0
London,1,4.209,0.401,674.99,1
London,1,3.767,0.321,477.9,0
London,0,5.875,0.313,297.28,1
London,1,3.229,0.488,328.56,1
London,1,6.479,0.083,354.43,1
London,0,0.438,0.122,367.37,1
London,2,6.759,0.956,264.12,1
London,2,4.37,0.265,480.73,1
London,0,8.017,0.384,194.03,0
London,0,5.816,0.496,377.71,1
London,1,3.02,0.176,879.61,1
London,2,7.894,2.733,355.61,1
London,2,3.838,0.167,651.71,1
London,2,4.24,0.123,695.69,1
London,2,5.043,0.216,517.18,0
London,1,7.156,2.254,289.75,1
London,2,5.048,0.276,476.02,1
London,0,9.873,0.974,277.05,1
London,2,2.282,0.768,682.99,1
London,1,11.373,2.427,283.4,0
Amsterdam,1,0.505,0.338,737.23,0
Barcelona,2,1.518,0.143,343.52,0
Amsterdam,1,1.591,1.514,649.12,1
London,1,4.38,1.183,420.05,0
London,3,6.19,1.876,322.68,1
London,0,3.528,0.343,264.35,1
Amsterdam,2,1.738,0.378,1044.69,1
London,1,4.561,0.401,355.61,1
London,1,0.913,0.346,841.04,1
London,3,0.978,0.32,1901.74,1
London,4,8.621,1.085,903.6,1
Barcelona,3,2.294,0.755,636.77,0
London,1,5.372,0.51,407.35,0
London,1,3.565,0.239,345.49,1
London,1,5.013,0.413,338.91,1
London,1,5.097,0.702,646.77,0
Amsterdam,2,2.093,1.506,983.29,1
London,0,5.733,0.116,154.99,1
London,2,4.901,0.551,607.49,0
London,1,5.503,1.047,296.57,1
Amsterdam,1,1.909,0.294,640.45,1
London,1,5.428,0.112,413.93,1
London,2,5.587,0.238,424.52,0
London,1,5.761,0.124,466.61,0
London,1,10.359,5.232,257.77,1
Barcelona,2,1.793,0.73,678.19,0
London,0,3.116,0.147,317.03,1
London,2,6.945,0.887,1608.93,0
Amsterdam,1,0.726,0.793,688.02,0
London,2,4.237,0.496,620.43,0
Amsterdam,2,2.619,0.431,909.47,0
London,1,8.993,3.91,283.64,0
London,2,1.133,0.245,1242.03,1
London,2,2.309,0.766,686.99,1
London,1,3.765,0.555,399.59,1
London,2,6.027,0.715,373.72,0
London,2,4.888,0.55,491.07,1
London,2,5.002,0.231,500.01,0
London,2,6.973,0.635,743.67,1
London,0,7.56,0.485,292.34,0
London,1,1.479,0.393,452.74,1
London,1,9.456,0.31,601.14,0
London,2,4.236,0.349,721.56,1
London,2,4.153,0.759,679.7,0
Amsterdam,2,1.769,1.585,651.23,0
Amsterdam,3,7.969,3.45,1210.6,1
London,0,7.429,0.775,285.52,0
Amsterdam,1,3.61,1.007,378.69,0
London,1,4.123,1.031,459.09,1
London,2,2.938,0.62,12937.28,1
London,0,4.091,0.712,289.99,0
London,0,4.185,0.434,353.96,0
London,1,3.872,1.223,439.57,1
London,0,5.986,0.251,180.86,0
London,2,5.922,0.709,443.1,0
Amsterdam,1,1.0,0.496,713.8,0
London,1,4.696,0.078,374.42,0
London,0,4.185,0.434,353.96,0
London,2,0.566,0.197,788.59,0
Amsterdam,1,1.871,1.53,393.46,0
London,0,4.824,0.517,369.72,0
London,0,6.009,0.459,270.7,0
Amsterdam,1,1.429,1.202,2501.11,1
London,3,4.138,0.094,1152.9,0
London,1,1.584,0.482,434.39,0
Amsterdam,3,1.852,1.954,903.38,1
London,1,1.728,0.573,460.97,0
London,1,0.294,0.168,460.26,1
Amsterdam,2,6.329,4.412,491.65,1
London,2,10.498,6.175,310.68,0
Amsterdam,1,2.433,1.879,385.49,1
London,1,7.485,0.646,501.19,0
Amsterdam,1,0.555,0.346,734.89,1
London,0,7.857,0.202,267.88,0
London,0,3.943,0.142,240.36,0
Amsterdam,2,1.478,1.466,491.65,1
London,3,6.867,0.81,546.11,1
Barcelona,1,1.06,0.193,469.66,0
London,1,5.503,1.047,290.22,0
London,3,4.541,1.352,695.69,1
Amsterdam,1,4.303,0.194,436.11,0
Amsterdam,1,3.543,2.428,399.32,0
London,1,5.73,0.159,373.72,0
Amsterdam,2,7.821,0.35,630.38,1
London,1,4.164,1.037,404.76,1
London,1,4.167,0.514,491.31,0
London,2,4.875,0.48,1047.3,1
Amsterdam,1,1.126,1.121,524.69,0
Amsterdam,1,3.593,2.157,491.65,0
London,2,3.539,0.514,412.29,1
London,0,0.794,0.382,430.63,1
Amsterdam,2,0.288,0.071,1044.69,1
London,0,1.401,0.434,342.91,1
Amsterdam,1,1.445,1.534,589.83,1
London,1,3.189,0.605,528.47,1
London,1,6.29,0.604,206.73,0
London,1,5.315,0.049,349.02,1
London,1,7.688,0.528,219.2,0
Amsterdam,1,2.428,1.747,397.21,0
Barcelona,3,1.665,0.3,977.73,1
London,0,3.935,0.365,359.6,1
London,1,7.653,1.279,310.68,1
Amsterdam,0,1.724,1.823,504.07,0
London,0,7.87,0.957,267.88,0
London,1,4.316,0.86,770.71,1
London,3,5.388,0.827,962.16,1
London,1,5.533,0.147,463.79,1
Amsterdam,3,1.267,1.158,847.84,0
London,1,1.57,0.241,563.04,0
London,0,6.936,0.047,191.68,0
London,0,4.908,1.368,211.43,1
Amsterdam,3,3.61,2.013,768.17,1
London,2,4.257,0.349,565.63,1
Amsterdam,1,2.933,0.628,553.04,1
Amsterdam,3,2.229,0.429,1130.69,0
London,1,5.089,0.523,425.46,0
London,2,4.522,0.392,1326.0,0
London,1,6.112,0.785,327.38,1
London,2,4.947,0.37,625.6,1
Amsterdam,1,1.352,1.376,531.95,0
London,1,4.249,0.552,504.48,1
London,1,7.244,0.128,337.5,0
London,0,4.185,0.434,379.83,0
London,2,1.074,0.252,1067.29,1
Amsterdam,0,6.961,3.755,288.71,1
Amsterdam,1,0.705,0.455,798.63,0
London,1,3.194,0.604,529.65,0
Amsterdam,3,1.934,0.281,596.16,0
London,2,4.45,0.35,684.64,0
London,0,4.953,0.313,430.87,1
London,1,4.551,0.442,448.27,1
Amsterdam,1,3.057,0.455,675.84,1
London,2,1.241,0.346,633.6,1
Amsterdam,2,3.105,1.888,513.67,0
London,2,3.261,0.74,444.74,1
London,1,7.043,0.53,966.63,1
London,1,2.743,0.447,497.9,1
London,1,10.05,6.01,142.29,0
Barcelona,1,1.072,0.328,287.2,0
London,0,0.648,0.292,453.44,0
Barcelona,2,0.911,0.148,810.16,0
Amsterdam,2,0.803,0.884,673.49,0
London,2,6.399,0.586,381.48,0
London,0,3.418,0.218,335.38,0
Barcelona,2,1.679,0.478,499.69,0
London,0,3.001,0.088,323.15,0
London,1,5.228,1.335,249.54,0
London,1,8.191,0.471,325.97,0
London,2,9.9,1.102,614.31,1
London,1,6.244,1.916,297.51,1
Barcelona,0,0.381,0.339,341.42,0
Amsterdam,1,2.019,0.436,423.92,0
London,2,1.427,0.142,997.44,1
London,1,3.227,0.456,611.96,1
Amsterdam,3,2.404,1.851,737.23,0
London,1,4.061,0.881,284.81,1
London,1,7.147,0.232,332.56,0
London,1,4.752,0.328,363.6,1
London,1,5.232,0.464,265.06,0
London,2,4.947,0.37,597.85,0
Barcelona,2,3.198,0.116,712.87,0
London,1,4.011,0.675,541.17,1
London,2,4.697,0.129,676.64,1
Amsterdam,3,0.971,1.096,2556.89,1
London,3,3.843,0.591,798.7,0
Amsterdam,2,2.529,0.566,786.45,0
London,3,1.547,0.442,724.15,0
London,2,1.361,0.478,885.02,1
Barcelona,3,1.171,0.276,577.42,0
London,2,7.905,1.022,659.71,1
London,1,3.626,0.379,547.76,1
Amsterdam,1,0.908,0.403,551.64,1
London,0,3.935,0.365,334.67,0
Barcelona,1,1.036,0.79,266.25,1
Barcelona,2,1.659,0.355,449.41,0
Amsterdam,2,4.153,0.657,651.23,0
London,2,5.452,0.335,393.24,1
London,1,3.072,0.158,374.42,0
London,2,4.3,0.438,872.55,1
Barcelona,2,1.141,0.837,830.87,1
London,1,2.488,0.338,646.77,0
London,1,3.651,0.256,286.22,1
London,1,7.348,1.071,226.49,1
London,2,3.634,0.234,463.79,0
Amsterdam,1,1.41,0.925,479.23,1
Barcelona,1,2.517,0.577,481.3,1
London,1,1.629,0.496,491.31,1
Amsterdam,1,0.57,0.632,550.47,0
Amsterdam,1,1.0,0.496,714.27,1
Barcelona,1,1.687,0.308,616.75,0
Amsterdam,2,2.525,0.772,657.32,0
Amsterdam,1,0.336,0.564,482.98,0
London,2,1.392,0.555,1332.11,1
Amsterdam,2,0.711,0.896,1192.09,0
London,1,2.62,0.525,476.96,1
Amsterdam,1,1.66,0.037,460.95,0
London,2,0.205,0.204,1013.9,0
London,1,4.453,0.739,359.37,1
London,1,7.084,1.589,194.03,1
London,1,7.244,2.363,315.62,1
Amsterdam,1,1.197,1.076,663.65,1
London,1,5.171,1.503,385.0,0
London,2,4.572,0.513,552.69,1
Amsterdam,3,3.386,0.859,854.4,0
London,1,3.496,0.181,336.32,0
London,1,5.887,0.128,253.53,1
London,0,4.765,0.23,269.06,0
London,1,1.735,0.335,503.3,0
London,1,6.356,0.762,322.21,1
London,1,7.069,0.533,310.45,0
